Country,Country Code,ISO Code,ISO Code1,ISO Code2
Afghanistan,93,AF / AFG,AF,AFG
Albania,355,AL / ALB,AL,ALB
Algeria,213,DZ / DZA,DZ,DZA
American Samoa,1-684,AS / ASM,AS,ASM
Andorra,376,AD / AND,AD,AND
Angola,244,AO / AGO,AO,AGO
Anguilla,1-264,AI / AIA,AI,AIA
Antarctica,672,AQ / ATA,AQ,ATA
Antigua and Barbuda,1-268,AG / ATG,AG,ATG
Argentina,54,AR / ARG,AR,ARG
Armenia,374,AM / ARM,AM,ARM
Aruba,297,AW / ABW,AW,ABW
Australia,61,AU / AUS,AU,AUS
Austria,43,AT / AUT,AT,AUT
Azerbaijan,994,AZ / AZE,AZ,AZE
Bahamas,1-242,BS / BHS,BS,BHS
Bahrain,973,BH / BHR,BH,BHR
Bangladesh,880,BD / BGD,BD,BGD
Barbados,1-246,BB / BRB,BB,BRB
Belarus,375,BY / BLR,BY,BLR
Belgium,32,BE / BEL,BE,BEL
Belize,501,BZ / BLZ,BZ,BLZ
Benin,229,BJ / BEN,BJ,BEN
Bermuda,1-441,BM / BMU,BM,BMU
Bhutan,975,BT / BTN,BT,BTN
Bolivia,591,BO / BOL,BO,BOL
Bosnia and Herzegovina,387,BA / BIH,BA,BIH
Botswana,267,BW / BWA,BW,BWA
Brazil,55,BR / BRA,BR,BRA
British Indian Ocean Territory,246,IO / IOT,IO,IOT
British Virgin Islands,1-284,VG / VGB,VG,VGB
Brunei,673,BN / BRN,BN,BRN
Bulgaria,359,BG / BGR,BG,BGR
Burkina Faso,226,BF / BFA,BF,BFA
Burundi,257,BI / BDI,BI,BDI
Cambodia,855,KH / KHM,KH,KHM
Cameroon,237,CM / CMR,CM,CMR
Canada,1,CA / CAN,CA,CAN
Cape Verde,238,CV / CPV,CV,CPV
Cayman Islands,1-345,KY / CYM,KY,CYM
Central African Republic,236,CF / CAF,CF,CAF
Chad,235,TD / TCD,TD,TCD
Chile,56,CL / CHL,CL,CHL
China,86,CN / CHN,CN,CHN
Christmas Island,61,CX / CXR,CX,CXR
Cocos Islands,61,CC / CCK,CC,CCK
Colombia,57,CO / COL,CO,COL
Comoros,269,KM / COM,KM,COM
Cook Islands,682,CK / COK,CK,COK
Costa Rica,506,CR / CRI,CR,CRI
Croatia,385,HR / HRV,HR,HRV
Cuba,53,CU / CUB,CU,CUB
Curacao,599,CW / CUW,CW,CUW
Cyprus,357,CY / CYP,CY,CYP
Czech Republic,420,CZ / CZE,CZ,CZE
Democratic Republic of the Congo,243,CD / COD,CD,COD
Denmark,45,DK / DNK,DK,DNK
Djibouti,253,DJ / DJI,DJ,DJI
Dominica,1-767,DM / DMA,DM,DMA
Dominican Republic,"1-809, 1-829, 1-849",DO / DOM,DO,DOM
East Timor,670,TL / TLS,TL,TLS
Ecuador,593,EC / ECU,EC,ECU
Egypt,20,EG / EGY,EG,EGY
El Salvador,503,SV / SLV,SV,SLV
Equatorial Guinea,240,GQ / GNQ,GQ,GNQ
Eritrea,291,ER / ERI,ER,ERI
Estonia,372,EE / EST,EE,EST
Ethiopia,251,ET / ETH,ET,ETH
Falkland Islands,500,FK / FLK,FK,FLK
Faroe Islands,298,FO / FRO,FO,FRO
Fiji,679,FJ / FJI,FJ,FJI
Finland,358,FI / FIN,FI,FIN
France,33,FR / FRA,FR,FRA
French Polynesia,689,PF / PYF,PF,PYF
Gabon,241,GA / GAB,GA,GAB
Gambia,220,GM / GMB,GM,GMB
Georgia,995,GE / GEO,GE,GEO
Germany,49,DE / DEU,DE,DEU
Ghana,233,GH / GHA,GH,GHA
Gibraltar,350,GI / GIB,GI,GIB
Greece,30,GR / GRC,GR,GRC
Greenland,299,GL / GRL,GL,GRL
Grenada,1-473,GD / GRD,GD,GRD
Guam,1-671,GU / GUM,GU,GUM
Guatemala,502,GT / GTM,GT,GTM
Guernsey,44-1481,GG / GGY,GG,GGY
Guinea,224,GN / GIN,GN,GIN
Guinea-Bissau,245,GW / GNB,GW,GNB
Guyana,592,GY / GUY,GY,GUY
Haiti,509,HT / HTI,HT,HTI
Honduras,504,HN / HND,HN,HND
Hong Kong,852,HK / HKG,HK,HKG
Hungary,36,HU / HUN,HU,HUN
Iceland,354,IS / ISL,IS,ISL
India,91,IN / IND,IN,IND
Indonesia,62,ID / IDN,ID,IDN
Iran,98,IR / IRN,IR,IRN
Iraq,964,IQ / IRQ,IQ,IRQ
Ireland,353,IE / IRL,IE,IRL
Isle of Man,44-1624,IM / IMN,IM,IMN
Israel,972,IL / ISR,IL,ISR
Italy,39,IT / ITA,IT,ITA
Ivory Coast,225,CI / CIV,CI,CIV
Jamaica,1-876,JM / JAM,JM,JAM
Japan,81,JP / JPN,JP,JPN
Jersey,44-1534,JE / JEY,JE,JEY
Jordan,962,JO / JOR,JO,JOR
Kazakhstan,7,KZ / KAZ,KZ,KAZ
Kenya,254,KE / KEN,KE,KEN
Kiribati,686,KI / KIR,KI,KIR
Kosovo,383,XK / XKX,XK,XKX
Kuwait,965,KW / KWT,KW,KWT
Kyrgyzstan,996,KG / KGZ,KG,KGZ
Laos,856,LA / LAO,LA,LAO
Latvia,371,LV / LVA,LV,LVA
Lebanon,961,LB / LBN,LB,LBN
Lesotho,266,LS / LSO,LS,LSO
Liberia,231,LR / LBR,LR,LBR
Libya,218,LY / LBY,LY,LBY
Liechtenstein,423,LI / LIE,LI,LIE
Lithuania,370,LT / LTU,LT,LTU
Luxembourg,352,LU / LUX,LU,LUX
Macau,853,MO / MAC,MO,MAC
Macedonia,389,MK / MKD,MK,MKD
Madagascar,261,MG / MDG,MG,MDG
Malawi,265,MW / MWI,MW,MWI
Malaysia,60,MY / MYS,MY,MYS
Maldives,960,MV / MDV,MV,MDV
Mali,223,ML / MLI,ML,MLI
Malta,356,MT / MLT,MT,MLT
Marshall Islands,692,MH / MHL,MH,MHL
Mauritania,222,MR / MRT,MR,MRT
Mauritius,230,MU / MUS,MU,MUS
Mayotte,262,YT / MYT,YT,MYT
Mexico,52,MX / MEX,MX,MEX
Micronesia,691,FM / FSM,FM,FSM
Moldova,373,MD / MDA,MD,MDA
Monaco,377,MC / MCO,MC,MCO
Mongolia,976,MN / MNG,MN,MNG
Montenegro,382,ME / MNE,ME,MNE
Montserrat,1-664,MS / MSR,MS,MSR
Morocco,212,MA / MAR,MA,MAR
Mozambique,258,MZ / MOZ,MZ,MOZ
Myanmar,95,MM / MMR,MM,MMR
Namibia,264,NA / NAM,NA,NAM
Nauru,674,NR / NRU,NR,NRU
Nepal,977,NP / NPL,NP,NPL
Netherlands,31,NL / NLD,NL,NLD
Netherlands Antilles,599,AN / ANT,AN,ANT
New Caledonia,687,NC / NCL,NC,NCL
New Zealand,64,NZ / NZL,NZ,NZL
Nicaragua,505,NI / NIC,NI,NIC
Niger,227,NE / NER,NE,NER
Nigeria,234,NG / NGA,NG,NGA
Niue,683,NU / NIU,NU,NIU
North Korea,850,KP / PRK,KP,PRK
Northern Mariana Islands,1-670,MP / MNP,MP,MNP
Norway,47,NO / NOR,NO,NOR
Oman,968,OM / OMN,OM,OMN
Pakistan,92,PK / PAK,PK,PAK
Palau,680,PW / PLW,PW,PLW
Palestine,970,PS / PSE,PS,PSE
Panama,507,PA / PAN,PA,PAN
Papua New Guinea,675,PG / PNG,PG,PNG
Paraguay,595,PY / PRY,PY,PRY
Peru,51,PE / PER,PE,PER
Philippines,63,PH / PHL,PH,PHL
Pitcairn,64,PN / PCN,PN,PCN
Poland,48,PL / POL,PL,POL
Portugal,351,PT / PRT,PT,PRT
Puerto Rico,"1-787, 1-939",PR / PRI,PR,PRI
Qatar,974,QA / QAT,QA,QAT
Republic of the Congo,242,CG / COG,CG,COG
Reunion,262,RE / REU,RE,REU
Romania,40,RO / ROU,RO,ROU
Russia,7,RU / RUS,RU,RUS
Rwanda,250,RW / RWA,RW,RWA
Saint Barthelemy,590,BL / BLM,BL,BLM
Saint Helena,290,SH / SHN,SH,SHN
Saint Kitts and Nevis,1-869,KN / KNA,KN,KNA
Saint Lucia,1-758,LC / LCA,LC,LCA
Saint Martin,590,MF / MAF,MF,MAF
Saint Pierre and Miquelon,508,PM / SPM,PM,SPM
Saint Vincent and the Grenadines,1-784,VC / VCT,VC,VCT
Samoa,685,WS / WSM,WS,WSM
San Marino,378,SM / SMR,SM,SMR
Sao Tome and Principe,239,ST / STP,ST,STP
Saudi Arabia,966,SA / SAU,SA,SAU
Senegal,221,SN / SEN,SN,SEN
Serbia,381,RS / SRB,RS,SRB
Seychelles,248,SC / SYC,SC,SYC
Sierra Leone,232,SL / SLE,SL,SLE
Singapore,65,SG / SGP,SG,SGP
Sint Maarten,1-721,SX / SXM,SX,SXM
Slovakia,421,SK / SVK,SK,SVK
Slovenia,386,SI / SVN,SI,SVN
Solomon Islands,677,SB / SLB,SB,SLB
Somalia,252,SO / SOM,SO,SOM
South Africa,27,ZA / ZAF,ZA,ZAF
South Korea,82,KR / KOR,KR,KOR
South Sudan,211,SS / SSD,SS,SSD
Spain,34,ES / ESP,ES,ESP
Sri Lanka,94,LK / LKA,LK,LKA
Sudan,249,SD / SDN,SD,SDN
Suriname,597,SR / SUR,SR,SUR
Svalbard and Jan Mayen,47,SJ / SJM,SJ,SJM
Swaziland,268,SZ / SWZ,SZ,SWZ
Sweden,46,SE / SWE,SE,SWE
Switzerland,41,CH / CHE,CH,CHE
Syria,963,SY / SYR,SY,SYR
Taiwan,886,TW / TWN,TW,TWN
Tajikistan,992,TJ / TJK,TJ,TJK
Tanzania,255,TZ / TZA,TZ,TZA
Thailand,66,TH / THA,TH,THA
Togo,228,TG / TGO,TG,TGO
Tokelau,690,TK / TKL,TK,TKL
Tonga,676,TO / TON,TO,TON
Trinidad and Tobago,1-868,TT / TTO,TT,TTO
Tunisia,216,TN / TUN,TN,TUN
Turkey,90,TR / TUR,TR,TUR
Turkmenistan,993,TM / TKM,TM,TKM
Turks and Caicos Islands,1-649,TC / TCA,TC,TCA
Tuvalu,688,TV / TUV,TV,TUV
U.S. Virgin Islands,1-340,VI / VIR,VI,VIR
Uganda,256,UG / UGA,UG,UGA
Ukraine,380,UA / UKR,UA,UKR
United Arab Emirates,971,AE / ARE,AE,ARE
United Kingdom,44,GB / GBR,GB,GBR
United States,1,US / USA,US,USA
Uruguay,598,UY / URY,UY,URY
Uzbekistan,998,UZ / UZB,UZ,UZB
Vanuatu,678,VU / VUT,VU,VUT
Vatican,379,VA / VAT,VA,VAT
Venezuela,58,VE / VEN,VE,VEN
Vietnam,84,VN / VNM,VN,VNM
Wallis and Futuna,681,WF / WLF,WF,WLF
Western Sahara,212,EH / ESH,EH,ESH
Yemen,967,YE / YEM,YE,YEM
Zambia,260,ZM / ZMB,ZM,ZMB
Zimbabwe,263,ZW / ZWE,ZW,ZWE
